Assembly Command Combination,Source Partition Logic,Ramanujan Partition Significance,Microprocessor Family (x86/886),Addressing Mode,Execution Steps (Inferred),Source
"mov, add, cmp",Logical partitioning of data or memory structures to represent mathematical partitioning theories or segmented memory models.,"Links to Ramanujan's product-series identities (Rogers-Ramanujan), the 'circle method' for exact formulas, and asymptotics of partition functions like  $p(n)$ .","886, 8286, 80x86, Intel-32 (IA-32) / Pentium","Direct, Indirect, Indexed, Register, Immediate",Initialize registers with partition set values. 2. Compare current index against partition boundary using cmp. 3. Use add to accumulate partition counts. 4. Employ mov with indexed addressing to traverse memory-mapped partition tables. 5. Implement loop control to iterate through partition identities.,1-3
mov/add (inferred as move/operator set  $\Omega$ ),Partition of  $n$  as an additive decomposition:  $n = a_1 + a_2 + \dots + a_k$  where  $a_1 \ge a_2 \ge \dots \ge a_k \ge 1$ .,Directly links to Ramanujan's tau function and arithmetic properties of multiplicative integer-valued functions.,886 (theoretical logic implementation),"Indexed (Ferrers graph quadrant  $N \times N$  coordinates  $i, j$ )",Initialize partition sequence  $n$ . 2. Compare current part value to preceding (cmp). 3. Subtract conjugate points to establish path function (sub). 4. Jump to next lattice node (jnz).,4-6
n/a (BInv executable operator rendering),Same-domain saturation: Exhaustion of available invariant-bearing degrees of freedom while unresolved burden remains.,"Extensions of classical partition generating functions (Euler, Sylvester, Durfee) mapping to  $q$ -analogs of Taylor series and pentagonal number theorems.",VDM runtime kernel (referenced as programmable architecture),Orthogonal articulation / irreducible class extension,"Test immediate same-class novelty (HasCapNow). 2. If capacity  $> 0$ , maintain state. 3. If capacity  $= 0$ , activate void debt pressure. 4. Execute orthogonal re-articulation into new irreducible domain  $A_{n+1}$ .","4, 7"
"mov, add, cmp (hypothetical logic implementation)",Mendel's experiments on plant hybrids and geometric progressions of inheritance within  $n$ -dimensional spaces.,Ramanujan's work is not explicitly detailed; focus is on geometric and hierarchical filling of  $n$ -dimensional spaces.,886 (hypothetical inference),Direct / Indexed (Inferred),Initialize memory with phenotype counts. 2. Calculate next generation using geometric progression ratios. 3. Partition memory segments to represent dominant and recessive phenotypes in  $n$ -dimensions.,8
"mov reg, reg/memory/constant",Partitioning data or memory structures via data movement into general purpose registers.,Not in source,"886, 8286, 8486, 80x86","Direct, Indirect, Indexed, Register, Immediate",Fetch and decode instruction. 2. Update IP. 3. Calculate effective address. 4. Fetch operand from source. 5. Store operand in destination.,2
"add reg, reg/memory/constant",Logical partitioning of numeric data through arithmetic summation.,Not in source,"886, 8286, 8486, 80x86","Direct, Indirect, Indexed, Register, Immediate",Fetch and decode instruction. 2. Fetch source operand and destination register value. 3. Perform ALU addition. 4. Store result in destination register.,2
"cmp reg, reg/memory/constant",Establishing logical boundaries and conditional partitions via comparison of values.,Not in source,"886, 8286, 8486, 80x86","Direct, Indirect, Indexed, Register, Immediate","Fetch and decode instruction. 2. Subtract source from destination. 3. Update processor flags (Zero, Carry, Sign, Overflow). 4. Discard result value.",2
"mov ax, 1000+bx",Memory structure partitioning using indexed offsets to access specific data elements.,Not in source,"886, 8286, 8486, 80x86",Indexed,Fetch and decode opcode. 2. Compute effective address by adding BX to 1000. 3. Fetch 16-bit word from memory. 4. Store word in AX.,2
"mov al, bx",Directing program logic to partitioned memory blocks via base register pointers.,Not in source,"886, 8286, 8486, 80x86",Indirect,Fetch and decode instruction. 2. Retrieve address stored in BX. 3. Access memory at retrieved address. 4. Transfer byte to AL.,2
"mov, int 0x80",Logical partitioning between user space and kernel space via System Calls.,Not in source,80x86 (IA-32),Register Addressing,"Put system call number in EAX. 2. Store arguments in EBX, ECX, EDX. 3. Trigger interrupt 0x80 to transition from user to kernel logic. 4. Retrieve result from EAX.",3
"db, dw, dd, times",Data section partitioning for initialized data and one-dimensional arrays.,Not in source,x86,Direct-Offset and Indexed Addressing,Use define directives (DB/DW) to allocate contiguous memory. 2. Apply TIMES for multiple initializations. 3. Access elements via base address plus offset.,3
"push, pop",Stack segment partitioning using LIFO (Last-In-First-Out) logic for procedure data.,Not in source,IA-32,Indirect Memory Addressing (via SS:ESP),Adjust ESP (Stack Pointer) for word size. 2. Copy register data to stack memory. 3. Reverse steps for POP to restore register state.,3